code;name;flag;english_name
GER;Deutschland;ğŸ‡©ğŸ‡ª;Germany
NOR;Norwegen;ğŸ‡³ğŸ‡´;Norway
LAT;Lettland;ğŸ‡±ğŸ‡»;Latvia
SUI;Schweiz;ğŸ‡¨ğŸ‡­;Switzerland
SWE;Schweden;ğŸ‡¸ğŸ‡ª;Sweden
ITA;Italien;ğŸ‡®ğŸ‡¹;Italy
FRA;Frankreich;ğŸ‡«ğŸ‡·;France
AUT;Ã–sterreich;ğŸ‡¦ğŸ‡¹;Austria
CZE;Tschechien;ğŸ‡¨ğŸ‡¿;Czechia
ROU;RumÃ¤nien;ğŸ‡·ğŸ‡´;Romania
MDA;Moldawien;ğŸ‡²ğŸ‡©;Moldova
SLO;Slowenien;ğŸ‡¸ğŸ‡®;Slovenia
KAZ;Kazakhstan;ğŸ‡°ğŸ‡¿;Khazakhstan
BEL;Belgien;ğŸ‡§ğŸ‡ª;Belgium
FIN;Finnland;ğŸ‡«ğŸ‡®;Finland
EST;Estland;ğŸ‡ªğŸ‡ª;Estonia
UKR;Ukraine;ğŸ‡ºğŸ‡¦;Ukraine
LTU;Litauen;ğŸ‡±ğŸ‡¹;Lithuania
POL;Polen;ğŸ‡µğŸ‡±;Poland
CAN;Kanada;ğŸ‡¨ğŸ‡¦;Canada
USA;Vereinigte Staaten v. Amerika;ğŸ‡ºğŸ‡¸;United Stated
BUL;Bulgarien;ğŸ‡§ğŸ‡¬;Bulgaria
SVK;Slowakei;ğŸ‡¸ğŸ‡°;Slovakia
CRO;Kroatien;ğŸ‡­ğŸ‡·;Croatia
KOR;SÃ¼dkorea;ğŸ‡°ğŸ‡·;Korea